BGD,MSG1
4WK,MSG1
NVS,MSG1
SD5,MSG1
2TI,MSG1
UL2,MSG1
HZ7,MSG1
3DJ,MSG1
PBL,MSG1
QRI,MSG1
KEH,MSG2
0OD,MSG2
4BR,MSG2
4N9,MSG2
35O,MSG2
UJ1,MSG2
1WU,MSG2
YMZ,MSG2
XGX,MSG2
MQF,MSG2
DK1,MSG3
L3C,MSG3
OF8,MSG3
RXL,MSG3
BG5,MSG3
3GN,MSG3
IP3,MSG3
MVY,MSG3
92T,MSG3
A1D,MSG3
2RF,MSG4
TYN,MSG4
LXO,MSG4
M8J,MSG4
NII,MSG4
5QF,MSG4
F7F,MSG4
54O,MSG4
K3A,MSG4
317,MSG4
K9M,MSG5
7FR,MSG5
U8Q,MSG5
G6Z,MSG5
K1H,MSG5
HDS,MSG5
L21,MSG5
HSO,MSG5
6SX,MSG5
GII,MSG5
NGV,MSG6
KTM,MSG6
UNN,MSG6
LCH,MSG6
K46,MSG6
8NP,MSG6
HSG,MSG6
RLI,MSG6
9AQ,MSG6
HJ9,MSG6
1RE,MSG7
BQD,MSG7
6AS,MSG7
AWE,MSG7
ITS,MSG7
QTF,MSG7
1UP,MSG7
7WW,MSG7
0U5,MSG7
U2U,MSG7
KBH,MSG8
I6V,MSG8
QUP,MSG8
8DQ,MSG8
GDA,MSG8
DTR,MSG8
6RO,MSG8
EZ4,MSG8
BS1,MSG8
SOY,MSG8
V39,MSG9
1S3,MSG8
Y3C,MSG8
1JA,MSG8
J7K,MSG8
YDX,MSG8
XT4,MSG8
U4F,MSG8
3RB,MSG8
VSU,MSG8
TT4,MSG1
VQ9,MSG1
A0I,MSG1
MJ7,MSG1
HIO,MSG1
XRT,MSG1
67D,MSG1
B9C,MSG1
NVJ,MSG1
1V8,MSG1
